geo,2015_IDH,2015_corruption,2015_sanitation
Afghanistan,0.479,11.0,39.2
Albania,0.764,36.0,97.7
Algeria,0.745,36.0,87.5
Angola,0.533,15.0,39.4
Argentina,0.827,32.0,94.8
Armenia,0.743,35.0,91.6
Australia,0.939,79.0,100.0
Austria,0.893,76.0,100.0
Azerbaijan,0.759,29.0,89.3
Bahamas,0.792,,92.0
Bahrain,0.824,51.0,100.0
Bangladesh,0.579,25.0,46.9
Barbados,0.795,,96.5
Belarus,0.796,32.0,94.3
Belgium,0.896,77.0,99.5
Benin,0.485,37.0,13.9
Bhutan,0.607,65.0,62.9
Bolivia,0.674,34.0,52.6
Bosnia and Herzegovina,0.75,38.0,94.8
Botswana,0.698,63.0,60.0
Brazil,0.754,38.0,86.1
Brunei,0.865,,96.3
Bulgaria,0.794,41.0,86.0
Burkina Faso,0.402,38.0,22.5
Burundi,0.404,21.0,50.5
Cambodia,0.563,21.0,48.8
Cameroon,0.518,27.0,38.8
Canada,0.92,83.0,98.5
Cape Verde,0.648,55.0,65.2
Central African Republic,0.352,24.0,25.1
Chad,0.396,22.0,9.55
Chile,0.847,70.0,99.9
China,0.738,37.0,75.0
Colombia,0.727,37.0,84.4
Comoros,0.498,26.0,34.2
"Congo, Dem. Rep.",0.435,22.0,19.7
"Congo, Rep.",0.592,23.0,15.0
Costa Rica,0.776,55.0,97.1
Cote d'Ivoire,0.474,32.0,29.9
Croatia,0.827,51.0,97.5
Cuba,0.775,47.0,90.8
Cyprus,0.856,61.0,99.4
Czech Republic,0.878,56.0,99.1
Denmark,0.925,91.0,99.6
Djibouti,0.473,34.0,51.4
Dominica,0.726,,77.9
Dominican Republic,0.722,33.0,82.7
Ecuador,0.739,32.0,86.1
Egypt,0.691,36.0,93.2
El Salvador,0.68,39.0,91.1
Equatorial Guinea,0.592,,74.5
Eritrea,0.42,18.0,11.3
Estonia,0.865,70.0,99.6
Ethiopia,0.448,33.0,7.08
Finland,0.895,90.0,99.4
France,0.897,70.0,98.7
Gabon,0.697,34.0,40.9
Gambia,0.452,28.0,41.7
Georgia,0.769,52.0,84.9
Germany,0.926,81.0,99.2
Ghana,0.579,47.0,14.3
Greece,0.866,46.0,99.0
Grenada,0.754,,78.3
Guatemala,0.64,28.0,67.4
Guinea,0.414,25.0,22.0
Guinea-Bissau,0.424,17.0,21.5
Guyana,0.638,29.0,86.2
Haiti,0.493,17.0,30.5
Honduras,0.625,31.0,79.8
Hungary,0.836,51.0,98.0
Iceland,0.921,79.0,98.8
India,0.624,38.0,44.2
Indonesia,0.689,36.0,67.9
Iran,0.774,27.0,88.3
Iraq,0.649,16.0,85.7
Ireland,0.923,75.0,92.2
Israel,0.899,61.0,100.0
Italy,0.887,44.0,99.3
Jamaica,0.73,41.0,85.4
Japan,0.903,75.0,100.0
Jordan,0.742,53.0,96.7
Kazakhstan,0.794,28.0,97.8
Kenya,0.555,25.0,29.8
Kuwait,0.8,49.0,100.0
Kyrgyz Republic,0.664,28.0,96.6
Lao,0.586,25.0,72.6
Latvia,0.83,56.0,92.9
Lebanon,0.763,28.0,95.4
Lesotho,0.497,44.0,43.8
Liberia,0.427,37.0,16.9
Libya,0.716,16.0,99.7
Lithuania,0.848,59.0,93.6
Luxembourg,0.898,85.0,97.6
"Macedonia, FYR",0.748,42.0,90.9
Madagascar,0.512,28.0,9.69
Malawi,0.476,31.0,43.5
Malaysia,0.789,50.0,99.6
Maldives,0.701,,95.9
Mali,0.442,35.0,31.3
Malta,0.856,60.0,100.0
Mauritania,0.513,31.0,44.6
Mauritius,0.781,53.0,93.1
Mexico,0.762,31.0,89.2
Moldova,0.699,33.0,78.4
Mongolia,0.735,39.0,59.2
Montenegro,0.807,44.0,95.9
Morocco,0.647,36.0,83.5
Mozambique,0.418,31.0,23.6
Myanmar,0.556,22.0,64.7
Namibia,0.64,53.0,33.8
Nepal,0.558,27.0,46.1
Netherlands,0.924,84.0,97.7
New Zealand,0.915,91.0,100.0
Nicaragua,0.645,27.0,76.3
Niger,0.353,34.0,12.9
Nigeria,0.527,26.0,32.6
Norway,0.949,88.0,98.1
Oman,0.796,45.0,99.3
Pakistan,0.55,30.0,58.3
Panama,0.788,39.0,76.9
Papua New Guinea,0.516,25.0,18.6
Paraguay,0.693,27.0,91.2
Peru,0.74,36.0,76.8
Philippines,0.682,35.0,75.0
Poland,0.855,63.0,98.1
Portugal,0.843,64.0,99.4
Qatar,0.856,71.0,100.0
Romania,0.802,46.0,81.8
Russia,0.804,29.0,88.8
Rwanda,0.498,54.0,62.3
Sao Tome and Principe,0.574,42.0,40.1
Saudi Arabia,0.847,52.0,100.0
Senegal,0.494,44.0,48.4
Serbia,0.776,40.0,94.6
Seychelles,0.782,55.0,100.0
Sierra Leone,0.42,29.0,14.5
Singapore,0.925,85.0,100.0
Slovak Republic,0.845,51.0,98.9
Slovenia,0.89,60.0,99.1
Solomon Islands,0.515,,31.3
South Africa,0.666,44.0,73.1
South Korea,0.901,54.0,99.9
South Sudan,0.418,15.0,10.4
Spain,0.884,58.0,99.9
Sri Lanka,0.766,37.0,94.2
St. Lucia,0.735,,90.9
St. Vincent and the Grenadines,0.722,,87.2
Sudan,0.49,12.0,34.6
Suriname,0.725,36.0,79.2
Swaziland,0.541,,58.0
Sweden,0.913,89.0,99.3
Switzerland,0.939,86.0,99.9
Syria,0.536,18.0,92.9
Tajikistan,0.627,26.0,95.5
Tanzania,0.531,30.0,23.5
Thailand,0.74,38.0,95.0
Timor-Leste,0.606,28.0,44.0
Togo,0.487,32.0,13.9
Trinidad and Tobago,0.78,39.0,92.1
Tunisia,0.725,38.0,93.1
Turkey,0.767,42.0,96.4
Turkmenistan,0.692,18.0,96.6
Uganda,0.493,25.0,19.2
Ukraine,0.743,27.0,95.9
United Arab Emirates,0.84,70.0,100.0
United Kingdom,0.91,81.0,99.1
United States,0.92,76.0,100.0
Uruguay,0.795,74.0,95.7
Uzbekistan,0.701,19.0,100.0
Vanuatu,0.597,,53.5
Venezuela,0.767,17.0,94.9
Vietnam,0.683,31.0,78.2
Yemen,0.482,18.0,59.7
Zambia,0.579,38.0,31.1
Zimbabwe,0.516,21.0,38.6
